m2Sig,m2Eta,m2X,fPI,m2,c,lambda_sigma,lambda_a,Tc,Tn,Alpha,Beta,Message,vwLTE,kappaLTE,vwLN,kappaLN
1000000.0,1000000.0,1000000.0,866.0254037844386,0.0,9000000.0,1.3333333333333335,0.0,586.9966069806596,0.0,0.0,0.0,9.0,0.0,0.0,0.0,0.0
